Carbon Dioxide Emissions,,,,,,,,,,,,,,,,,,,,,,,,,,,,,,,,,,,,,,,,,,,,,,,,,,,,,,,,,,,,,,
,,,,,,,,,,,,,,,,,,,,,,,,,,,,,,,,,,,,,,,,,,,,,,,,,,,,,,,,,Growth rate per annum,,Share,,,
Million tonnes of carbon dioxide,1965,1966,1967,1968,1969,1970,1971,1972,1973,1974,1975,1976,1977,1978,1979,1980,1981,1982,1983,1984,1985,1986,1987,1988,1989,1990,1991,1992,1993,1994,1995,1996,1997,1998,1999,2000,2001,2002,2003,2004,2005,2006,2007,2008,2009,2010,2011,2012,2013,2014,2015,2016,2017,2018,2019,2020,2020,2009-19,2020,,,
,,,,,,,,,,,,,,,,,,,,,,,,,,,,,,,,,,,,,,,,,,,,,,,,,,,,,,,,,,,,,,
Canada,260.3,271.7,285.5,308.3,320.5,344.9,351.6,368.0,393.7,400.2,400.9,415.4,438.8,427.2,433.9,443.0,423.6,410.0,391.1,412.8,408.6,398.3,412.0,442.8,462.3,449.8,433.0,447.2,443.2,457.8,476.4,485.3,498.4,514.6,518.1,538.0,540.1,553.2,562.0,559.2,560.3,553.1,578.5,564.6,536.1,550.1,554.7,551.1,564.6,571.8,570.2,553.3,565.9,576.2,578.0,517.7,-10.684%,0.8%,1.6%,,,
Mexico,62.1,65.1,66.6,72.2,79.1,84.2,89.5,99.7,107.7,120.9,141.7,149.2,154.6,179.7,187.6,206.8,224.9,234.3,226.7,232.7,239.9,234.2,244.1,243.8,256.3,269.9,279.2,282.2,286.8,310.4,299.2,315.5,334.3,352.7,343.4,363.0,359.4,377.0,378.0,393.6,420.3,432.9,440.7,459.4,453.8,454.8,473.0,476.7,483.2,471.2,475.2,480.4,486.1,477.1,459.8,373.2,-19.045%,0.1%,1.2%,,,
US,3451.9,3639.8,3738.2,3947.3,4117.4,4271.5,4309.1,4525.8,4739.5,4567.6,4394.3,4654.9,4799.0,4842.2,4930.5,4749.3,4601.7,4376.3,4337.4,4564.9,4581.3,4603.6,4756.8,4977.1,5066.0,4978.9,4932.1,5014.3,5124.1,5208.1,5243.7,5422.3,5497.3,5537.2,5580.3,5745.8,5656.1,5677.9,5743.1,5844.3,5879.8,5802.5,5892.2,5710.2,5298.4,5495.0,5348.4,5101.5,5268.3,5277.6,5165.6,5060.8,5003.2,5166.0,5029.4,4457.2,-11.619%,-0.5%,13.8%,,,
Total North America,3774.4,3976.5,4090.4,4327.8,4517.0,4700.6,4750.1,4993.5,5240.9,5088.6,4936.8,5219.5,5392.4,5449.2,5552.0,5399.2,5250.2,5020.6,4955.2,5210.4,5229.8,5236.2,5412.9,5663.6,5784.7,5698.5,5644.3,5743.7,5854.1,5976.3,6019.4,6223.1,6330.0,6404.4,6441.8,6646.7,6555.6,6608.0,6683.2,6797.1,6860.4,6788.4,6911.4,6734.1,6288.4,6499.9,6376.1,6129.4,6316.1,6320.5,6211.0,6094.5,6055.2,6219.4,6067.1,5348.1,-12.1%,-0.4%,16.6%,,,
,,,,,,,,,,,,,,,,,,,,,,,,,,,,,,,,,,,,,,,,,,,,,,,,,,,,,,,,,,,,,,
Argentina,82.2,84.5,86.9,89.3,92.2,85.9,90.8,91.6,94.9,97.1,97.9,103.0,108.0,105.5,113.3,108.7,103.1,103.6,106.2,105.0,101.8,105.5,109.3,115.8,112.5,105.5,107.5,113.4,112.2,118.4,123.3,130.5,128.8,134.4,138.2,132.6,122.0,117.7,127.6,138.8,146.6,152.5,166.2,167.7,160.0,168.8,174.8,183.7,189.4,189.5,192.8,191.5,189.7,187.5,175.8,164.1,-6.901%,0.9%,0.5%,,,
Brazil,51.5,56.2,58.0,68.1,74.3,83.9,92.2,103.5,123.6,133.4,140.0,150.3,156.8,169.6,177.2,176.6,168.5,169.4,165.4,172.9,180.0,194.1,199.5,202.9,206.8,198.6,207.9,218.1,229.2,239.4,253.8,273.2,287.0,298.3,301.9,306.4,316.1,315.3,311.4,325.8,334.8,339.1,353.6,377.3,357.2,403.1,427.2,445.7,485.8,508.0,490.7,454.1,460.6,445.5,444.9,417.5,-6.414%,2.2%,1.3%,,,
Chile,16.7,17.9,18.3,18.7,19.9,20.9,22.4,22.4,21.6,20.7,18.0,18.9,19.6,20.8,21.5,22.1,22.5,19.2,19.4,20.6,21.2,21.5,22.1,26.0,31.1,32.1,32.9,33.6,35.8,39.0,42.5,47.8,55.1,56.6,58.5,56.5,54.0,55.5,55.5,60.4,61.7,65.5,76.8,77.8,74.6,76.1,87.0,89.4,91.2,88.5,89.0,94.2,92.5,93.1,94.7,87.7,-7.584%,2.4%,0.3%,,,
Colombia,21.3,23.1,24.4,25.2,25.3,27.7,26.2,29.3,28.6,32.3,34.0,35.2,36.0,37.0,38.6,38.5,39.6,41.0,43.9,44.0,45.2,44.6,49.0,47.0,49.3,42.4,45.0,53.1,55.7,58.7,59.7,58.4,63.7,64.5,56.2,55.9,53.9,51.5,53.3,52.8,51.6,61.5,60.1,67.5,68.0,73.4,70.5,79.0,82.3,87.3,88.3,92.7,86.7,88.6,94.9,92.7,-2.620%,3.4%,0.3%,,,
Ecuador,2.1,2.2,2.3,2.8,2.9,3.5,3.8,3.8,4.3,4.8,5.4,6.1,7.4,7.5,8.0,9.8,10.7,11.6,10.7,11.4,13.8,14.2,13.8,16.8,16.9,17.7,19.8,19.8,19.8,21.3,21.6,24.2,27.3,27.2,24.0,21.8,22.4,21.9,22.0,24.6,26.8,28.2,28.3,29.0,29.0,33.1,33.8,35.2,38.1,40.4,39.6,37.7,36.4,38.8,37.5,30.7,-18.363%,2.6%,0.1%,,,
Peru,12.5,15.4,15.5,15.7,15.7,16.4,16.4,14.2,16.6,19.6,21.2,21.7,21.6,21.1,22.5,24.0,24.2,24.2,21.2,22.1,21.4,21.8,23.2,22.8,20.4,20.1,19.2,19.8,20.4,22.1,24.7,25.9,26.5,25.7,26.3,26.4,24.7,25.5,24.7,27.9,29.1,27.8,31.5,34.9,35.2,40.8,45.4,46.4,47.3,48.4,50.8,55.3,54.2,56.9,56.7,44.6,-21.634%,4.9%,0.1%,,,
Trinidad & Tobago,7.7,8.0,8.5,8.7,9.0,9.7,9.9,14.3,14.2,13.3,13.6,15.3,15.5,14.4,16.9,14.3,15.0,15.6,11.3,10.9,15.1,15.6,14.7,15.3,14.9,15.1,14.5,15.7,15.4,15.3,16.4,16.7,15.5,15.0,17.2,14.7,15.8,16.9,19.0,20.4,21.0,25.1,25.7,25.3,23.7,26.1,26.0,25.5,26.3,25.4,24.5,22.6,21.8,21.1,21.1,18.6,-12.365%,-1.1%,0.1%,,,
Venezuela,43.7,44.0,46.0,49.0,49.1,49.4,49.5,52.3,59.7,60.8,71.2,72.2,79.5,79.7,87.7,99.8,103.2,103.4,101.8,101.9,103.2,111.2,108.6,111.8,113.9,119.0,113.4,124.4,121.3,131.0,135.2,127.0,140.0,146.5,145.9,147.5,158.3,164.8,153.0,163.6,167.6,170.3,185.7,183.5,183.6,180.6,185.6,200.2,203.1,194.5,192.2,169.8,162.4,138.3,112.3,88.5,-21.442%,-4.8%,0.3%,,,
Central America,12.3,12.5,13.1,13.4,14.2,14.7,15.4,16.8,17.7,17.8,19.8,20.3,20.5,20.8,20.8,19.6,19.5,19.5,19.2,18.7,18.8,18.8,20.2,19.5,20.4,21.1,23.1,26.3,28.1,30.8,34.1,33.4,36.0,41.4,40.8,42.7,45.9,46.1,48.2,49.3,48.7,51.7,54.4,54.9,53.7,54.8,58.7,59.6,60.6,62.7,68.8,71.6,71.1,71.4,80.0,68.8,-14.234%,4.1%,0.2%,,,
Other Caribbean,48.7,50.1,52.2,53.3,56.4,70.2,71.4,76.4,82.7,81.9,79.3,80.5,84.7,86.3,88.8,99.1,99.8,87.3,83.7,88.8,83.2,81.4,85.1,85.2,89.7,89.3,84.9,83.3,84.5,89.4,87.3,88.7,94.1,97.1,90.7,106.6,114.1,113.4,117.8,120.5,120.7,124.9,123.7,116.1,110.0,109.0,111.2,108.4,106.0,105.7,109.0,112.6,108.6,112.0,115.9,109.7,-5.583%,0.5%,0.3%,,,
Other South America,7.2,7.5,8.1,8.3,8.9,9.2,9.9,11.4,11.6,10.5,12.9,13.4,13.6,15.6,16.2,15.6,15.1,14.1,12.4,12.2,12.9,12.9,13.2,14.8,15.0,14.3,14.9,15.6,18.1,20.7,21.4,21.9,22.2,22.8,24.3,20.9,20.1,20.4,21.9,23.4,23.5,23.6,25.6,28.4,30.5,32.6,33.9,35.0,34.9,35.3,36.2,37.5,38.7,40.6,40.6,34.8,-14.617%,2.9%,0.1%,,,
Total S. & Cent. America,305.9,321.3,333.2,352.5,367.9,391.5,407.9,436.3,475.5,492.3,513.3,537.0,563.2,578.3,611.8,628.1,621.2,608.8,595.1,608.4,616.5,641.7,658.8,677.9,691.0,675.2,683.1,723.2,740.6,786.0,819.9,847.8,896.3,929.6,923.9,932.1,947.4,948.8,954.5,1007.6,1032.0,1070.3,1131.5,1162.3,1125.5,1198.5,1254.1,1308.2,1365.0,1385.7,1381.9,1339.7,1322.7,1293.8,1274.5,1157.7,-9.4%,1.3%,3.6%,,,
,,,,,,,,,,,,,,,,,,,,,,,,,,,,,,,,,,,,,,,,,,,,,,,,,,,,,,,,,,,,,,
Austria,39.5,39.8,40.1,43.0,46.1,50.7,53.3,54.5,57.9,55.2,53.3,58.0,53.8,56.6,59.1,57.9,54.5,51.9,51.3,53.2,54.3,53.9,54.9,53.4,53.7,58.0,62.8,57.5,58.0,58.5,61.1,62.9,63.5,63.8,63.0,63.5,68.2,69.3,75.0,73.7,74.7,72.7,69.0,69.8,63.6,67.8,64.7,62.2,62.9,58.6,60.7,61.6,64.5,62.2,63.7,55.3,-13.489%,?,0.2%,,,
Belgium,124.7,118.5,123.4,135.1,144.4,149.0,142.1,149.3,147.1,141.4,126.0,132.0,131.6,136.8,142.2,136.1,129.4,121.9,109.3,113.2,114.2,113.7,115.2,117.2,119.8,126.5,130.7,128.1,126.1,129.6,128.9,137.2,135.9,139.9,133.3,136.3,136.3,134.2,141.2,140.1,136.2,138.2,137.8,139.1,124.6,133.5,120.6,116.2,117.4,108.9,115.3,117.0,118.9,125.5,121.7,88.8,-27.221%,-0.2%,0.3%,,,
Bulgaria,36.7,39.2,45.2,51.0,55.7,62.4,64.6,66.6,68.6,69.9,75.1,75.9,78.4,82.1,84.9,89.1,85.5,87.0,86.0,85.0,84.9,87.9,87.8,86.6,86.8,74.4,59.9,58.1,60.3,56.7,58.8,56.8,56.1,53.8,45.8,43.4,46.4,44.6,48.6,46.7,48.5,49.4,52.7,50.3,43.5,45.6,50.5,45.8,40.7,43.1,45.8,43.0,45.7,42.5,41.2,35.8,-13.293%,-0.5%,0.1%,,,
Croatia,n/a,n/a,n/a,n/a,n/a,n/a,n/a,n/a,n/a,n/a,n/a,n/a,n/a,n/a,n/a,n/a,n/a,n/a,n/a,n/a,n/a,n/a,n/a,n/a,n/a,21.3,14.8,14.5,15.5,14.4,15.1,15.1,16.6,18.9,18.6,17.5,18.4,19.5,20.9,20.1,20.6,20.7,21.9,20.9,19.6,18.8,18.2,16.6,16.1,15.9,16.3,16.7,17.2,16.4,16.4,15.3,-7.106%,-1.8%,?,,,
Cyprus,1.2,1.3,1.5,1.6,1.9,2.0,2.4,2.7,2.9,2.4,2.1,2.1,2.5,2.6,2.7,2.7,2.5,3.1,3.2,3.2,3.6,3.7,4.6,4.7,4.7,5.0,5.1,6.0,6.3,6.3,6.7,6.8,6.9,7.2,7.6,8.0,8.1,7.9,8.5,8.3,9.3,9.1,9.3,9.5,9.2,8.8,8.7,8.1,7.3,7.3,7.5,8.1,8.3,8.2,8.2,7.0,-14.960%,-1.1%,?,,,
Czech Republic,156.2,157.0,153.8,160.4,167.2,172.5,181.0,180.7,180.6,181.4,188.1,193.7,199.2,201.5,202.6,195.2,194.3,191.8,191.5,195.8,193.9,192.0,190.6,190.9,184.9,155.3,143.2,136.6,134.1,128.6,130.2,132.9,127.2,121.6,113.9,124.1,125.1,120.8,124.0,124.8,123.4,126.0,125.6,120.3,113.5,116.5,113.1,109.3,105.0,102.0,102.8,104.8,102.7,101.7,98.5,85.1,-13.799%,-1.4%,0.3%,,,
Denmark,47.7,54.3,54.0,56.1,63.9,67.5,63.2,66.6,65.0,59.2,56.4,62.5,63.9,65.7,66.2,66.2,58.9,57.6,54.6,55.5,62.8,64.2,61.6,60.4,54.7,56.0,65.7,60.5,63.8,68.6,65.7,79.4,69.7,65.2,62.3,58.0,58.3,57.2,62.5,56.6,53.7,62.0,57.2,54.4,50.7,51.4,46.5,41.1,43.6,40.3,36.9,38.2,35.5,35.9,32.3,26.6,-17.830%,-4.4%,0.1%,,,
Estonia,n/a,n/a,n/a,n/a,n/a,n/a,n/a,n/a,n/a,n/a,n/a,n/a,n/a,n/a,n/a,n/a,n/a,n/a,n/a,n/a,38.5,38.5,39.0,38.0,39.2,38.3,34.4,26.1,20.6,20.3,19.0,20.0,19.8,18.3,16.9,17.2,17.7,17.7,19.6,20.0,19.5,19.1,22.1,21.0,18.8,22.9,23.9,23.5,24.6,24.2,22.3,22.4,24.3,25.8,18.0,14.8,-18.064%,-0.4%,?,,,
Finland,24.7,28.1,28.9,33.2,38.9,43.2,43.3,44.8,50.5,46.0,47.0,53.3,52.5,55.5,57.4,57.5,48.5,47.0,45.5,48.3,53.4,53.2,56.0,55.3,55.7,57.5,56.7,54.6,56.3,62.9,58.6,64.8,62.8,60.2,59.9,58.9,63.9,66.7,74.9,68.8,58.2,68.6,66.3,58.6,56.2,63.9,56.6,50.8,51.9,47.6,44.8,47.7,45.0,46.5,43.4,39.0,-10.336%,-2.5%,0.1%,,,
France,329.4,331.0,355.9,369.3,404.4,433.7,453.6,477.8,518.8,500.5,457.1,509.6,493.1,497.7,510.2,485.0,441.8,418.6,402.8,387.7,381.8,369.9,362.4,359.1,370.5,367.2,390.7,379.4,362.0,348.7,356.2,372.5,361.2,384.9,384.4,381.5,383.4,380.1,387.2,389.1,389.8,380.1,370.5,369.7,354.8,360.4,333.8,335.3,334.8,301.4,307.4,313.0,317.7,306.7,299.0,251.1,-16.241%,-1.7%,0.8%,,,
Germany,910.4,901.0,892.4,944.8,1011.9,1043.4,1045.1,1067.3,1116.4,1085.3,1025.3,1093.4,1072.5,1052.7,1104.2,1077.8,1043.9,1003.3,1018.0,1038.3,1045.8,1037.3,1031.4,1017.0,1003.8,1007.6,969.7,923.7,916.3,896.9,889.4,914.8,888.0,879.0,855.9,854.4,871.7,859.0,862.0,847.5,826.3,843.8,811.1,809.4,753.6,783.2,763.7,773.0,797.6,751.2,755.7,770.5,761.0,734.5,681.5,604.9,-11.484%,-1.0%,1.9%,,,
Greece,22.5,23.7,26.0,27.2,27.8,29.8,37.2,41.9,48.9,48.2,56.2,63.1,67.1,65.2,54.1,52.9,52.6,52.6,54.8,56.9,60.2,60.1,67.1,71.7,78.5,81.5,81.5,84.2,85.4,86.7,88.7,89.9,93.3,98.8,97.3,102.6,104.7,103.7,107.5,107.4,107.8,108.3,112.8,107.8,102.7,94.6,94.5,88.2,79.2,75.6,73.3,69.9,74.0,72.1,76.7,58.2,-24.306%,-2.9%,0.2%,,,
Hungary,59.5,59.3,55.3,56.4,59.5,63.0,64.1,65.4,69.9,71.7,72.8,76.1,80.5,85.5,84.4,83.1,81.5,81.6,77.8,79.3,79.5,77.9,79.2,75.1,71.3,70.9,65.6,62.1,58.8,58.2,57.9,58.8,57.2,57.9,58.6,55.3,56.7,55.9,58.0,57.3,57.5,57.4,55.4,54.2,48.2,48.7,48.7,44.6,42.2,41.3,43.9,45.0,46.9,47.5,47.5,45.7,-3.872%,-0.2%,0.1%,,,
Iceland,1.5,1.6,1.5,1.7,1.5,1.5,1.7,1.8,2.0,1.9,1.8,1.8,1.9,2.0,2.0,1.9,1.9,1.7,1.7,1.9,1.9,1.9,2.0,2.1,2.2,2.2,2.1,2.2,2.3,2.3,2.4,2.6,2.6,2.6,2.6,2.8,2.7,2.8,2.8,2.9,2.9,3.0,3.1,2.8,2.6,2.5,2.5,2.5,2.7,2.7,2.9,3.2,3.6,3.7,3.3,2.6,-21.505%,2.3%,?,,,
Ireland,20.0,22.7,24.7,29.2,29.1,21.5,22.4,23.2,24.3,24.8,23.2,23.8,25.0,26.2,28.7,27.4,26.4,26.1,25.7,25.4,26.9,28.6,29.7,29.1,29.8,31.0,31.6,31.8,32.2,33.1,33.9,35.7,37.4,40.0,42.1,43.6,46.4,45.7,45.3,45.5,47.7,47.5,48.4,47.9,42.9,42.5,38.6,38.7,37.4,37.0,38.9,40.4,39.3,39.1,37.4,32.8,-12.678%,-1.3%,0.1%,,,
Italy,204.9,222.7,246.2,266.5,288.3,320.4,342.3,357.8,374.8,374.9,368.7,384.3,378.7,377.2,388.8,383.2,374.1,370.6,353.1,355.5,354.4,362.6,378.2,383.8,403.2,403.8,407.2,403.6,396.5,393.4,413.1,407.9,414.5,426.3,427.2,434.4,429.5,433.0,450.8,468.3,470.2,467.1,458.0,442.5,391.5,397.1,388.5,371.0,341.5,318.9,334.5,331.3,335.3,335.9,330.3,287.2,-13.293%,-1.7%,0.9%,,,
Latvia,n/a,n/a,n/a,n/a,n/a,n/a,n/a,n/a,n/a,n/a,n/a,n/a,n/a,n/a,n/a,n/a,n/a,n/a,n/a,n/a,25.2,23.3,20.3,19.4,18.8,18.4,17.6,12.8,10.8,9.9,9.1,9.2,8.3,8.0,7.4,6.9,7.7,7.9,7.9,8.5,8.7,8.4,8.8,8.6,7.9,9.2,8.3,8.0,8.0,7.7,7.8,8.2,8.0,8.0,8.4,7.3,-13.591%,0.6%,?,,,
Lithuania,n/a,n/a,n/a,n/a,n/a,n/a,n/a,n/a,n/a,n/a,n/a,n/a,n/a,n/a,n/a,n/a,n/a,n/a,n/a,n/a,37.4,33.6,36.0,35.4,36.2,36.1,39.0,20.7,16.4,15.4,14.3,14.8,14.1,14.7,12.7,10.9,12.1,11.6,11.8,12.3,13.1,13.4,13.1,13.3,12.0,13.2,12.4,12.4,11.7,11.0,11.3,11.7,11.9,12.5,12.5,11.9,-4.614%,0.3%,?,,,
Luxembourg,13.4,12.7,12.4,13.4,14.4,14.9,14.2,14.5,15.2,15.4,12.6,12.5,11.4,11.9,12.3,11.4,9.6,9.0,8.4,9.2,9.4,9.1,8.3,8.5,9.9,10.3,11.0,11.0,11.1,10.6,8.7,8.9,8.5,8.0,8.5,9.0,9.7,10.5,11.0,12.5,12.8,12.5,12.0,11.9,11.4,12.0,11.7,11.4,10.9,10.5,10.1,10.0,10.3,10.8,10.9,8.8,-19.367%,-0.4%,?,,,
Netherlands,113.0,117.8,122.8,138.2,149.1,167.0,171.9,196.7,206.3,189.2,184.9,203.4,200.0,184.6,191.3,180.9,174.0,168.4,164.7,169.8,172.7,174.9,182.5,187.8,188.4,191.9,199.6,200.1,205.0,202.2,208.6,219.6,217.2,218.1,215.1,216.2,225.9,226.0,225.4,231.4,233.1,231.6,229.1,227.2,217.7,226.5,219.4,212.2,208.3,197.6,206.9,210.0,202.9,198.7,194.1,175.9,-9.624%,-1.1%,0.5%,,,
North Macedonia,n/a,n/a,n/a,n/a,n/a,n/a,n/a,n/a,n/a,n/a,n/a,n/a,n/a,n/a,n/a,n/a,n/a,n/a,n/a,n/a,n/a,n/a,n/a,n/a,n/a,8.8,8.5,8.7,9.1,8.5,8.4,9.6,8.6,9.9,9.1,8.7,8.8,8.3,9.0,8.7,9.1,9.1,9.5,9.4,8.7,8.5,9.3,8.9,7.9,7.5,7.2,7.1,7.5,7.1,8.1,7.2,-10.924%,-0.8%,?,,,
Norway,17.7,19.4,20.0,21.9,24.0,26.7,26.5,27.9,28.0,26.2,32.5,35.1,30.0,31.6,33.2,31.1,29.0,27.9,28.0,27.9,29.3,31.4,30.9,30.1,33.0,30.0,28.0,29.5,30.4,32.3,32.4,35.1,36.3,37.4,37.5,35.3,37.4,36.8,38.4,38.8,37.8,38.1,37.7,37.1,37.1,38.6,38.4,38.1,37.0,36.2,36.3,35.1,34.6,35.1,33.9,32.0,-5.800%,-0.9%,0.1%,,,
Poland,253.0,257.2,263.5,281.6,299.0,312.8,321.9,339.4,342.7,352.1,380.1,400.6,417.4,437.5,443.8,465.9,419.3,428.6,429.6,447.3,457.7,469.4,485.6,474.8,456.6,373.5,368.4,353.1,352.2,334.3,341.3,355.0,350.5,330.9,323.8,299.8,297.9,294.4,303.5,301.9,307.2,320.7,317.5,319.5,305.3,323.8,324.0,308.1,310.5,293.4,293.4,306.2,315.6,320.3,301.5,279.6,-7.521%,-0.1%,0.9%,,,
Portugal,10.5,10.8,11.6,12.0,12.4,14.9,16.5,17.7,20.1,21.0,21.8,22.8,22.2,23.3,24.9,26.3,28.3,28.4,29.5,28.4,27.4,30.9,31.6,32.6,41.0,39.1,42.1,46.0,45.2,45.6,53.0,50.4,50.9,56.7,62.2,61.3,60.2,63.4,59.9,62.1,64.6,59.6,58.4,57.5,56.9,51.5,51.4,50.7,49.4,49.6,53.1,52.5,57.3,54.3,50.7,41.3,-18.830%,-1.2%,0.1%,,,
Romania,68.1,72.5,80.7,86.0,98.6,105.0,110.1,114.6,125.8,126.0,137.0,148.2,156.4,169.5,174.4,174.6,174.4,172.4,174.2,171.8,172.5,178.0,186.2,188.1,189.4,178.2,143.3,125.1,122.2,117.9,127.6,126.2,115.1,101.7,86.3,88.9,90.9,94.1,98.2,99.6,95.6,101.3,97.8,95.6,80.6,78.2,85.1,81.7,69.9,71.2,72.0,69.6,73.0,73.4,71.6,66.3,-7.676%,-1.2%,0.2%,,,
Slovakia,31.1,32.1,32.2,35.1,37.0,39.7,42.5,44.3,45.7,46.8,49.0,50.5,52.8,55.5,56.5,56.8,55.9,55.0,54.8,58.8,58.5,55.7,56.8,57.4,53.4,54.8,48.5,46.0,43.2,40.1,40.8,40.9,39.5,39.1,38.3,36.3,39.1,38.6,39.1,38.0,39.0,37.4,35.2,36.4,33.6,36.1,33.9,32.4,32.5,30.0,30.3,30.7,32.8,32.3,29.7,26.4,-11.358%,-1.2%,0.1%,,,
Slovenia,n/a,n/a,n/a,n/a,n/a,n/a,n/a,n/a,n/a,n/a,n/a,n/a,n/a,n/a,n/a,n/a,n/a,n/a,n/a,n/a,n/a,n/a,n/a,n/a,n/a,13.3,12.5,12.3,13.0,13.1,13.9,14.7,15.2,14.7,14.3,14.0,14.7,14.9,14.8,15.0,15.2,15.6,15.7,16.8,15.0,15.2,15.2,14.7,14.1,12.6,12.7,13.6,13.9,13.9,13.3,11.6,-12.944%,-1.2%,?,,,
Spain,80.4,84.7,95.5,99.1,108.6,121.1,126.8,135.5,155.4,162.0,168.4,185.2,179.2,174.1,186.6,208.2,211.9,208.6,211.4,201.9,194.4,196.9,203.4,196.5,217.2,214.6,220.4,241.0,226.0,234.1,247.9,244.2,263.6,274.3,298.8,309.3,314.0,332.3,340.1,362.1,374.9,369.4,380.5,354.8,316.3,300.1,308.5,306.3,274.8,272.2,288.0,280.7,298.4,291.3,271.0,220.4,-18.905%,-1.5%,0.7%,,,
Sweden,68.8,76.1,75.2,83.8,88.8,96.9,89.8,91.4,93.1,86.0,85.4,92.9,89.2,104.7,114.4,100.3,89.6,83.4,73.6,71.4,79.2,84.5,73.7,69.1,66.4,67.4,59.7,61.5,61.0,64.2,61.5,66.8,61.3,68.4,65.3,57.7,59.2,59.8,64.2,61.9,60.7,62.2,58.9,56.3,53.4,56.9,52.0,49.1,48.2,46.1,46.4,46.6,45.7,44.7,47.2,45.4,-4.004%,-1.2%,0.1%,,,
Switzerland,29.2,29.7,31.3,34.3,36.9,40.4,42.1,42.9,46.2,41.3,39.9,41.6,42.1,42.6,41.0,41.6,39.4,37.2,40.8,40.1,41.3,44.3,41.9,41.7,40.4,43.3,44.2,44.6,42.2,43.4,40.9,42.5,44.2,44.7,44.2,43.1,46.2,43.9,43.2,43.3,44.2,45.0,41.0,43.8,44.2,42.1,40.1,41.4,43.6,38.7,39.5,38.0,38.8,37.2,38.2,32.4,-15.288%,-1.5%,0.1%,,,
Turkey,25.1,29.0,29.1,32.3,35.2,39.3,43.9,48.9,54.2,56.5,60.7,66.8,73.1,77.1,71.7,74.7,74.2,81.4,87.1,91.4,100.4,109.0,118.5,115.9,129.1,136.2,139.6,143.7,148.3,147.0,161.1,175.2,185.0,186.9,187.6,205.7,186.1,196.9,208.9,216.4,224.8,248.0,272.8,276.3,275.3,276.3,298.8,314.4,303.3,335.2,340.7,359.1,397.2,390.9,385.5,369.5,-4.395%,3.4%,1.1%,,,
Ukraine,n/a,n/a,n/a,n/a,n/a,n/a,n/a,n/a,n/a,n/a,n/a,n/a,n/a,n/a,n/a,n/a,n/a,n/a,n/a,n/a,694.4,701.8,709.9,686.2,652.9,761.9,708.1,603.6,519.9,431.7,423.1,366.5,352.7,341.0,335.0,335.9,329.3,329.3,336.6,317.5,315.5,324.4,327.5,317.2,272.4,287.9,302.5,299.1,286.1,247.3,195.4,215.8,188.4,199.0,185.6,177.4,-4.687%,-3.8%,0.5%,,,
United Kingdom,688.1,680.9,670.1,689.7,707.6,724.5,697.4,690.5,728.7,675.2,642.0,652.0,660.5,646.3,678.2,615.0,593.1,575.2,569.9,545.3,577.8,595.0,598.5,598.7,589.0,600.3,610.2,593.5,579.4,567.6,563.3,584.2,563.9,564.7,555.4,569.8,580.8,561.1,570.8,576.6,582.4,584.7,571.5,561.8,514.1,530.0,495.2,512.5,500.8,458.8,440.5,416.4,404.0,397.8,380.2,319.4,-16.221%,-3.0%,1.0%,,,
Other Europe,50.4,51.8,50.5,54.9,56.1,62.2,73.3,74.0,78.4,83.9,86.4,91.5,95.8,104.4,113.3,107.8,114.5,118.5,127.6,134.6,169.8,175.8,171.7,177.7,172.6,131.7,109.7,96.4,83.7,65.5,69.0,72.5,82.5,85.3,73.3,84.1,88.9,94.5,101.3,107.1,103.9,108.3,109.7,110.7,111.2,112.9,120.9,112.8,113.1,102.4,111.7,116.8,120.4,119.5,130.1,113.9,-12.730%,1.6%,0.4%,,,
Total Europe,3427.8,3474.9,3543.9,3757.7,4008.3,4226.1,4293.2,4439.0,4667.7,4544.4,4453.8,4732.9,4730.9,4770.4,4929.2,4810.6,4609.0,4508.9,4475.2,4496.8,5403.5,5459.0,5515.4,5464.2,5453.2,5466.3,5332.4,5078.8,4913.6,4749.1,4811.0,4894.5,4830.0,4842.9,4763.9,4794.7,4846.3,4842.5,4972.8,4991.0,4989.0,5062.7,5017.8,4932.6,4569.3,4677.5,4600.4,4541.3,4434.7,4204.1,4212.4,4260.8,4300.5,4251.0,4091.3,3596.8,-12.3%,-1.1%,11.1%,,,
,,,,,,,,,,,,,,,,,,,,,,,,,,,,,,,,,,,,,,,,,,,,,,,,,,,,,,,,,,,,,,
Azerbaijan,n/a,n/a,n/a,n/a,n/a,n/a,n/a,n/a,n/a,n/a,n/a,n/a,n/a,n/a,n/a,n/a,n/a,n/a,n/a,n/a,50.4,54.2,52.2,52.1,52.8,79.7,75.6,65.7,58.6,53.1,50.2,43.5,42.0,41.9,41.2,42.0,39.7,39.3,34.4,37.3,41.0,37.6,34.9,34.5,28.9,27.4,30.7,30.8,31.1,31.7,34.1,33.6,32.4,34.0,35.9,34.1,-5.325%,2.2%,0.1%,,,
Belarus,n/a,n/a,n/a,n/a,n/a,n/a,n/a,n/a,n/a,n/a,n/a,n/a,n/a,n/a,n/a,n/a,n/a,n/a,n/a,n/a,89.6,102.3,102.7,103.4,99.3,94.1,94.6,87.9,74.1,61.9,53.8,55.2,55.9,54.5,52.2,51.0,48.7,48.9,47.7,54.7,55.7,57.9,56.7,59.4,57.1,60.2,57.0,58.5,58.2,57.3,53.1,53.5,54.5,59.3,58.6,54.6,-6.974%,0.3%,0.2%,,,
Kazakhstan,n/a,n/a,n/a,n/a,n/a,n/a,n/a,n/a,n/a,n/a,n/a,n/a,n/a,n/a,n/a,n/a,n/a,n/a,n/a,n/a,231.2,236.4,241.0,248.6,242.1,242.6,240.2,237.1,209.1,193.6,170.2,148.3,130.9,124.9,116.3,103.9,119.9,121.1,132.6,144.4,150.0,162.5,177.2,191.5,173.0,183.9,208.5,218.4,220.8,223.8,222.2,216.9,232.2,255.3,246.3,241.0,-2.425%,3.6%,0.7%,,,
Russian Federation,n/a,n/a,n/a,n/a,n/a,n/a,n/a,n/a,n/a,n/a,n/a,n/a,n/a,n/a,n/a,n/a,n/a,n/a,n/a,n/a,2172.4,2210.8,2268.3,2291.8,2290.1,2233.9,2167.9,2072.6,1895.2,1726.3,1616.4,1562.9,1463.7,1445.3,1445.8,1452.8,1466.1,1475.6,1505.5,1517.4,1495.4,1565.1,1560.8,1593.1,1483.4,1526.6,1591.1,1605.0,1581.1,1579.2,1549.5,1567.0,1548.6,1606.0,1595.7,1482.2,-7.367%,0.7%,4.6%,,,
Turkmenistan,n/a,n/a,n/a,n/a,n/a,n/a,n/a,n/a,n/a,n/a,n/a,n/a,n/a,n/a,n/a,n/a,n/a,n/a,n/a,n/a,33.2,39.2,39.0,39.2,40.3,34.7,35.9,34.1,26.7,28.4,23.6,33.8,26.3,32.7,31.6,26.9,33.1,28.7,38.9,38.5,39.1,39.6,38.7,34.4,51.3,55.1,60.9,66.6,62.8,64.5,75.2,74.5,73.5,80.6,87.2,86.2,-1.361%,5.4%,0.3%,,,
USSR,1919.0,2027.5,2120.8,2172.8,2253.5,2337.3,2431.8,2550.5,2660.5,2762.5,2926.5,3024.3,3135.4,3229.1,3288.0,3306.0,3339.1,3404.3,3444.3,3506.2,n/a,n/a,n/a,n/a,n/a,n/a,n/a,n/a,n/a,n/a,n/a,n/a,n/a,n/a,n/a,n/a,n/a,n/a,n/a,n/a,n/a,n/a,n/a,n/a,n/a,n/a,n/a,n/a,n/a,n/a,n/a,n/a,n/a,n/a,n/a,n/a,n/a,n/a,n/a,,,
Uzbekistan,n/a,n/a,n/a,n/a,n/a,n/a,n/a,n/a,n/a,n/a,n/a,n/a,n/a,n/a,n/a,n/a,n/a,n/a,n/a,n/a,101.4,100.5,100.3,107.0,109.4,106.4,104.9,99.4,107.6,100.4,97.3,100.1,98.3,105.6,119.4,121.8,122.0,125.1,113.8,113.9,113.1,106.0,112.3,107.7,106.1,104.6,109.6,109.7,113.9,116.7,110.7,105.8,105.0,111.3,110.7,108.2,-2.453%,0.4%,0.3%,,,
Other CIS,n/a,n/a,n/a,n/a,n/a,n/a,n/a,n/a,n/a,n/a,n/a,n/a,n/a,n/a,n/a,n/a,n/a,n/a,n/a,n/a,82.7,81.5,82.4,84.5,83.7,83.9,67.0,52.0,35.7,25.2,20.9,21.7,21.2,21.3,17.4,16.0,16.0,16.3,16.4,18.3,19.5,20.3,22.8,24.4,23.6,23.1,24.6,26.6,25.5,27.4,28.6,29.2,29.4,33.2,31.3,33.1,5.392%,2.9%,0.1%,,,
Total CIS,1919.0,2027.5,2120.8,2172.8,2253.5,2337.3,2431.8,2550.5,2660.5,2762.5,2926.5,3024.3,3135.4,3229.1,3288.0,3306.0,3339.1,3404.3,3444.3,3506.2,2796.7,2866.2,2926.1,2966.0,2956.0,2875.4,2786.2,2648.8,2407.0,2188.8,2032.4,1965.4,1838.2,1826.2,1823.9,1814.4,1845.5,1854.9,1889.4,1924.7,1913.7,1988.9,2003.5,2045.1,1923.4,1980.9,2082.3,2115.7,2093.5,2100.5,2073.4,2080.4,2075.6,2179.7,2165.6,2039.5,-6.1%,1.2%,6.3%,,,
,,,,,,,,,,,,,,,,,,,,,,,,,,,,,,,,,,,,,,,,,,,,,,,,,,,,,,,,,,,,,,
Iran,21.2,23.4,26.1,29.0,32.1,37.7,40.9,46.1,56.5,63.3,120.8,139.9,148.0,144.0,133.1,113.7,113.2,137.5,149.3,153.6,164.4,154.2,162.2,162.3,188.8,204.1,224.3,240.1,224.4,249.7,259.4,273.9,281.4,287.6,313.0,327.5,350.1,372.2,384.1,412.8,432.7,474.6,500.4,521.5,526.7,537.5,549.8,557.2,569.2,583.4,576.9,605.3,616.1,653.7,674.7,678.2,0.248%,2.5%,2.1%,,,
Iraq,5.1,5.7,5.8,6.2,7.2,9.2,10.0,12.1,11.7,11.4,29.5,37.5,33.9,31.9,40.6,41.5,29.4,30.8,33.5,37.4,45.3,50.9,53.9,59.9,66.9,60.5,36.4,56.6,78.1,89.9,87.5,91.1,109.9,80.1,63.6,83.0,92.0,87.3,86.8,93.3,89.7,88.8,91.7,93.9,106.7,113.7,123.0,134.6,146.4,143.7,148.1,167.4,165.6,170.9,181.5,170.0,-6.640%,5.5%,0.5%,,,
Israel,11.9,12.4,12.9,13.5,14.1,14.7,15.3,15.9,17.0,17.2,17.8,18.9,19.9,21.3,23.4,23.6,24.1,25.4,26.0,27.0,26.3,27.8,30.6,32.6,34.0,35.0,36.3,39.6,41.7,45.4,50.4,53.6,53.3,56.7,58.5,61.9,62.5,63.9,65.6,66.1,67.7,67.5,70.5,71.7,68.4,71.6,72.9,79.0,69.3,66.7,69.8,69.1,71.0,69.8,72.1,64.5,-10.797%,0.5%,0.2%,,,
Kuwait,16.6,17.4,17.7,18.5,19.0,15.4,15.4,17.0,16.9,16.2,23.5,25.6,24.2,27.7,30.4,22.1,26.8,26.5,29.6,31.3,30.2,34.0,31.7,35.4,37.9,25.1,42.3,20.7,23.8,27.9,34.8,34.4,35.5,42.7,44.7,47.6,48.4,52.9,64.3,72.0,79.3,75.2,72.9,77.9,77.2,87.8,89.4,92.4,97.7,99.5,100.1,100.5,101.7,101.7,101.5,91.6,-10.029%,2.8%,0.3%,,,
Oman,1.4,1.5,1.5,1.6,1.7,1.7,4.3,4.9,4.3,3.9,10.2,11.5,11.2,10.6,9.7,5.6,5.7,5.9,7.8,9.2,8.6,8.2,8.5,9.1,10.1,12.7,16.9,16.0,15.3,14.1,15.7,16.0,17.5,17.6,21.4,27.9,30.3,33.9,34.9,33.4,35.6,38.6,38.2,45.1,44.6,51.6,54.0,60.1,70.3,70.3,73.5,74.6,79.5,81.4,82.9,80.4,-3.215%,6.4%,0.2%,,,
Qatar,0.3,0.3,0.4,1.3,2.1,2.4,2.3,2.6,3.7,3.2,11.2,9.4,9.5,10.3,14.0,11.7,12.1,10.5,10.2,11.5,10.8,11.6,11.3,12.1,12.7,12.9,16.2,24.0,25.7,26.2,26.4,19.6,21.1,23.0,25.9,22.6,21.6,25.1,35.2,41.2,45.0,46.1,51.7,57.4,59.0,61.9,69.8,79.9,90.1,97.9,112.3,110.0,106.0,92.7,101.8,87.7,-14.156%,5.6%,0.3%,,,
Saudi Arabia,62.5,63.3,64.1,65.0,65.9,67.0,67.1,71.9,76.5,80.9,120.1,146.0,159.3,159.8,190.6,173.5,160.8,146.7,146.7,165.2,167.6,163.6,172.2,179.7,176.9,217.1,237.9,233.2,237.0,255.4,244.0,248.4,252.8,267.9,270.4,279.3,287.6,295.3,314.9,340.8,343.1,360.3,379.6,412.0,426.9,472.0,499.8,525.0,539.5,574.6,592.4,605.3,599.6,581.3,579.6,570.8,-1.783%,3.1%,1.8%,,,
United Arab Emirates,0.2,0.2,1.1,1.5,1.5,2.0,3.0,3.3,4.3,4.8,30.9,36.8,39.1,34.2,35.5,44.8,41.0,40.1,41.0,52.2,59.7,65.1,69.3,74.9,82.5,83.8,101.3,99.2,102.3,111.4,115.3,117.8,124.7,127.1,127.0,126.1,126.8,134.5,144.0,154.8,160.9,170.0,186.7,212.5,206.2,215.7,222.6,233.9,249.9,245.7,267.9,278.2,280.3,275.2,272.0,245.9,-9.827%,2.8%,0.8%,,,
Other Middle East,17.7,18.4,19.2,20.3,21.2,21.3,22.7,22.6,25.3,27.6,33.8,38.5,42.3,42.8,47.9,45.6,47.1,55.0,55.9,60.2,61.4,61.8,66.2,68.7,69.0,72.9,78.1,80.6,82.4,85.1,91.9,93.4,99.9,104.9,108.0,109.3,113.1,116.2,121.6,126.2,139.9,144.9,150.8,156.4,157.0,153.9,146.8,139.1,134.7,134.3,123.8,121.4,124.2,120.3,124.1,121.1,-2.675%,-2.3%,0.4%,,,
Total Middle East,137.0,142.6,148.9,157.0,164.8,171.5,181.1,196.3,216.1,228.5,397.9,464.3,487.5,482.6,525.3,482.0,460.3,478.3,500.1,547.6,574.4,577.2,605.9,634.6,678.8,724.0,789.5,809.9,830.8,905.2,925.5,948.1,996.1,1007.5,1032.7,1085.3,1132.3,1181.3,1251.4,1340.7,1394.1,1465.9,1542.5,1648.4,1672.7,1765.6,1828.1,1901.2,1967.1,2016.1,2064.8,2131.8,2143.9,2146.9,2190.2,2110.1,-3.9%,2.7%,6.5%,,,
,,,,,,,,,,,,,,,,,,,,,,,,,,,,,,,,,,,,,,,,,,,,,,,,,,,,,,,,,,,,,,
Algeria,5.6,6.9,6.4,6.8,7.6,8.3,8.9,10.0,11.6,13.0,30.6,38.8,42.5,48.6,51.8,57.6,59.6,63.7,67.6,68.2,72.6,79.8,77.4,78.2,77.2,74.3,74.1,75.6,75.4,76.3,79.1,79.1,75.5,78.1,77.7,76.0,73.4,76.1,78.8,81.0,82.9,87.3,94.4,100.4,106.5,104.4,107.7,115.8,133.3,142.1,148.4,147.2,149.4,156.7,160.9,148.6,-7.917%,4.2%,0.5%,,,
Egypt,22.9,24.0,20.1,21.1,15.9,20.2,20.5,23.1,21.6,24.6,30.8,35.2,37.4,38.3,42.3,48.1,55.0,60.8,66.1,71.5,75.2,76.5,80.7,81.0,85.3,89.9,91.8,88.6,86.6,90.7,95.8,101.6,106.0,109.9,115.7,120.5,126.7,123.9,133.8,132.8,147.1,150.1,159.4,167.4,176.1,186.8,188.3,198.6,201.8,207.5,210.9,219.5,222.0,222.9,222.1,204.3,-8.228%,2.3%,0.6%,,,
Morocco,3.6,5.3,5.7,6.1,6.5,6.9,7.3,7.9,9.3,9.8,10.3,11.3,12.4,13.2,14.8,14.9,14.8,15.7,16.3,16.6,17.2,17.8,18.2,19.2,21.0,21.3,21.5,24.2,25.2,27.3,27.1,27.6,28.4,29.9,31.5,31.6,34.4,35.4,34.7,40.1,43.9,44.6,43.8,48.6,45.2,49.1,52.9,53.9,54.3,56.5,56.7,57.0,60.0,61.6,67.7,62.8,-7.572%,4.1%,0.2%,,,
South Africa,113.2,113.5,116.8,123.1,126.3,131.6,142.2,145.7,156.6,161.8,172.5,180.0,185.0,182.2,190.1,205.9,240.3,264.0,270.4,290.4,297.1,299.4,306.8,330.5,312.5,324.9,319.2,327.2,329.6,340.3,351.2,357.3,365.1,357.6,370.1,371.6,376.5,366.6,399.8,439.1,421.7,430.9,441.0,476.0,474.4,474.9,466.3,462.1,463.3,467.7,455.5,474.4,470.1,451.9,462.4,434.5,-6.291%,-0.3%,1.3%,,,
Eastern Africa,23.6,25.7,26.6,27.8,28.5,30.5,35.2,35.5,37.8,37.1,35.0,37.9,36.2,35.5,35.8,37.2,35.6,34.4,35.1,34.8,36.0,39.4,41.7,44.6,45.7,52.0,47.9,48.2,52.3,52.3,53.0,53.1,55.3,55.0,55.0,54.4,57.5,57.3,55.5,62.2,64.0,65.0,67.5,66.7,71.0,76.1,80.8,79.7,90.6,101.0,106.0,103.8,112.0,118.0,119.0,102.6,-13.963%,5.3%,0.3%,,,
Middle Africa,6.9,7.1,7.2,7.5,7.7,7.9,9.3,9.6,10.7,11.2,17.1,16.6,18.7,19.5,20.4,20.7,21.4,20.1,21.7,20.5,21.8,21.4,21.3,23.4,23.9,23.0,26.8,28.0,27.7,29.1,32.0,31.9,33.6,32.9,33.9,34.2,34.5,39.1,40.6,46.4,46.2,48.1,49.4,53.5,55.9,59.5,62.0,63.4,60.0,63.6,65.4,67.0,62.7,61.6,57.2,51.9,-9.509%,0.2%,0.2%,,,
Western Africa,13.4,14.3,13.6,12.8,14.1,15.5,21.1,22.5,24.6,25.0,63.5,75.6,76.9,78.2,99.2,93.4,76.8,76.7,74.5,71.5,75.5,73.1,72.0,79.9,89.2,94.9,101.2,110.0,109.7,111.4,111.3,117.0,109.4,109.7,105.6,105.2,109.7,120.7,118.7,129.1,132.6,125.4,132.0,130.5,117.9,127.4,132.9,133.6,126.9,126.1,141.3,147.8,159.3,175.2,178.6,166.6,-7.014%,4.2%,0.5%,,,
Other Northern Africa,4.5,4.9,5.2,6.0,6.6,7.8,7.1,8.9,12.0,13.1,21.1,26.0,29.0,33.1,35.4,37.5,35.5,37.0,39.6,40.0,42.1,43.5,43.5,44.8,46.6,48.6,48.4,46.3,47.2,52.0,54.3,56.2,57.7,59.8,58.4,61.9,63.1,63.1,63.9,68.1,73.3,75.4,72.7,77.1,81.0,83.9,60.2,79.0,85.0,85.4,76.2,75.4,77.5,79.6,82.1,69.2,-15.955%,0.1%,0.2%,,,
Other Southern Africa,0.7,0.8,0.9,0.9,1.0,1.0,1.1,1.1,1.2,1.4,1.5,1.8,2.0,2.2,2.4,2.5,2.7,2.7,2.6,2.7,3.1,3.4,3.4,3.8,4.1,6.3,6.2,6.9,7.0,7.4,7.6,7.3,7.8,8.5,8.8,8.9,9.1,9.0,9.0,9.1,9.6,9.5,9.9,10.3,10.8,9.5,10.9,12.3,12.5,13.7,13.9,14.1,15.0,15.4,14.5,13.5,-7.360%,2.9%,?,,,
Total Africa,194.3,202.6,202.6,212.0,214.1,229.7,252.7,264.4,285.3,297.0,382.5,423.1,440.0,451.0,492.3,517.8,541.7,575.1,593.9,616.1,640.5,654.1,665.1,705.4,705.4,735.1,737.3,755.0,760.5,786.8,811.5,831.1,838.9,841.2,856.7,864.5,884.8,891.1,934.8,1008.2,1021.2,1036.2,1070.2,1130.5,1138.8,1171.6,1162.0,1198.4,1227.8,1263.6,1274.4,1306.2,1327.9,1342.7,1364.5,1254.0,-8.4%,1.8%,3.9%,,,
,,,,,,,,,,,,,,,,,,,,,,,,,,,,,,,,,,,,,,,,,,,,,,,,,,,,,,,,,,,,,,
Australia,118.8,125.1,132.4,139.7,144.3,155.3,161.2,168.2,178.6,189.0,191.9,198.4,208.4,215.1,223.1,224.3,227.8,226.8,218.0,226.8,232.8,237.7,245.6,257.1,270.3,274.9,274.8,278.7,283.3,293.3,307.7,318.1,327.9,337.4,352.9,355.0,357.2,363.8,370.2,383.2,383.0,398.6,405.8,415.2,405.6,396.5,400.7,393.1,391.3,396.4,405.4,403.2,400.7,396.6,401.0,372.3,-7.410%,-0.1%,1.2%,,,
Bangladesh,n/a,n/a,n/a,n/a,n/a,n/a,2.2,3.3,3.8,4.1,4.9,5.1,5.3,5.8,6.4,7.3,7.5,7.9,7.5,7.6,8.9,9.7,10.6,10.9,11.8,12.8,12.0,13.1,14.1,14.8,18.2,18.4,20.8,21.1,21.9,23.5,27.7,29.7,30.8,33.0,36.4,40.4,40.8,44.2,49.2,50.6,56.5,60.4,62.7,65.4,78.1,79.2,83.1,89.3,100.6,98.0,-2.863%,7.4%,0.3%,,,
China,488.5,530.3,475.9,476.7,582.5,748.5,881.7,945.4,987.0,1006.8,1131.3,1183.1,1293.5,1418.5,1458.5,1471.2,1448.5,1512.4,1607.7,1733.3,1833.5,1916.3,2061.5,2210.9,2309.7,2323.8,2455.9,2581.2,2787.3,2938.1,3028.8,3177.7,3166.8,3163.4,3294.4,3360.9,3523.1,3843.4,4532.1,5334.9,6098.2,6677.3,7239.8,7378.2,7713.9,8145.8,8827.2,9004.2,9247.4,9293.2,9279.7,9279.0,9466.4,9652.7,9810.5,9899.3,0.630%,2.4%,30.7%,,,
China Hong Kong SAR,7.1,7.7,9.1,9.8,11.5,12.3,13.0,14.7,15.3,15.6,14.7,17.4,18.8,19.6,20.0,20.5,21.8,24.7,27.0,28.1,29.6,31.2,34.8,40.2,42.8,41.3,43.0,50.1,55.1,48.4,52.2,49.7,49.0,50.8,50.2,53.4,70.0,67.2,71.3,78.5,75.8,79.9,85.6,79.2,86.5,88.3,92.0,88.7,91.5,89.7,90.5,92.7,98.9,99.5,94.7,68.2,-28.171%,0.9%,0.2%,,,
India,167.5,170.0,174.5,182.5,197.5,189.9,206.6,218.6,219.0,238.6,253.4,263.8,277.6,276.6,295.9,310.3,341.0,342.5,368.7,392.7,416.6,443.1,481.2,518.9,568.2,613.1,646.1,677.7,699.0,728.7,778.6,817.3,859.8,900.5,919.1,961.3,970.1,1011.8,1052.0,1114.2,1202.1,1253.8,1364.9,1463.8,1590.3,1652.1,1730.0,1844.5,1930.2,2083.8,2151.9,2243.2,2324.7,2449.4,2471.9,2302.3,-7.117%,4.5%,7.1%,,,
Indonesia,20.1,19.5,18.7,19.6,21.3,22.6,23.5,25.4,29.7,31.4,44.7,50.1,62.6,65.2,73.4,80.4,87.2,87.2,86.9,91.1,91.9,100.8,109.9,114.5,125.1,145.1,157.7,172.6,183.9,192.9,205.3,216.4,241.1,239.3,257.4,278.2,301.5,311.0,344.5,336.4,343.3,362.7,393.7,385.0,403.3,446.5,488.3,529.0,538.6,487.6,502.6,502.3,526.9,575.3,624.5,545.4,-12.907%,4.5%,1.7%,,,
Japan,446.9,492.8,578.2,641.6,731.5,810.5,845.3,880.9,995.0,985.7,923.6,951.2,960.7,924.3,949.7,920.7,914.7,863.6,864.0,952.6,930.5,919.8,927.6,999.3,1025.5,1087.0,1104.2,1116.4,1110.8,1175.0,1189.9,1211.3,1210.5,1179.2,1211.1,1233.2,1226.4,1237.2,1278.0,1262.0,1295.1,1272.6,1286.9,1297.1,1127.7,1197.9,1206.1,1292.1,1279.8,1246.5,1207.1,1190.0,1181.4,1158.4,1117.7,1027.0,-8.368%,-0.1%,3.2%,,,
Malaysia,7.0,8.2,8.3,8.4,8.7,9.6,10.8,12.2,13.3,13.4,17.7,20.2,21.1,26.0,32.9,34.8,35.2,37.0,42.2,44.8,42.5,43.3,43.5,46.4,53.3,60.6,72.3,77.3,79.0,87.2,89.1,100.6,116.6,107.6,121.1,133.6,135.8,146.8,162.3,173.6,183.9,189.7,193.0,201.0,193.8,215.3,216.2,229.3,239.5,249.4,253.7,258.3,247.4,255.0,263.0,256.0,-2.930%,3.1%,0.8%,,,
New Zealand,15.0,15.8,15.7,15.7,16.2,18.2,18.1,19.4,20.9,20.6,19.8,21.5,22.3,21.0,19.6,19.1,18.7,20.3,20.4,20.5,21.0,22.0,22.4,23.4,20.6,25.9,26.4,28.0,27.4,28.5,28.8,29.7,31.7,30.4,31.7,32.3,34.5,34.5,36.7,35.8,38.0,37.8,36.9,37.9,34.9,34.8,34.7,36.3,35.7,35.8,36.6,35.7,37.8,37.7,39.4,34.1,-13.601%,1.2%,0.1%,,,
Pakistan,19.5,19.3,21.1,23.8,23.2,22.7,20.9,17.6,18.6,20.0,21.1,21.2,22.7,23.8,25.8,27.8,29.6,31.9,34.2,36.5,39.0,42.5,47.4,50.9,55.3,57.8,61.4,65.8,72.5,76.1,80.7,84.7,85.9,88.3,94.1,97.8,98.9,101.2,106.6,117.9,120.2,130.2,142.0,146.3,146.0,145.7,144.1,145.7,146.7,153.3,160.9,176.6,190.4,198.3,197.4,196.0,-0.965%,3.1%,0.6%,,,
Philippines,13.2,14.4,16.2,18.4,19.7,22.4,26.0,25.5,29.6,27.8,30.0,31.0,34.0,35.3,36.3,34.7,33.0,31.9,33.8,29.2,27.5,27.7,32.0,35.1,37.8,39.9,39.4,47.5,48.8,51.2,58.0,62.5,68.5,69.2,67.4,66.8,67.9,66.5,68.4,70.7,70.8,67.9,72.2,74.4,74.9,80.5,81.3,83.8,92.1,97.7,106.7,116.8,129.1,134.0,140.9,127.4,-9.828%,6.5%,0.4%,,,
Singapore,13.1,15.0,18.0,22.4,22.0,23.9,20.7,25.9,24.2,23.9,23.5,27.9,28.0,28.5,30.4,30.1,34.7,33.7,35.7,36.7,37.1,43.3,44.7,52.1,59.8,69.6,71.2,76.3,83.1,95.7,98.6,98.4,102.4,101.2,100.0,107.1,117.5,111.8,103.7,116.2,127.3,140.3,151.4,163.4,176.7,185.3,192.7,192.0,191.7,191.1,202.8,217.1,229.0,225.4,217.2,211.0,-3.105%,2.1%,0.7%,,,
South Korea,24.9,29.6,32.8,36.3,42.5,49.0,52.6,54.6,67.7,68.8,75.3,84.1,96.2,104.0,119.2,123.4,128.7,129.1,135.3,148.0,158.9,170.0,179.2,204.1,215.5,235.4,263.8,288.3,317.9,343.4,372.7,413.6,438.2,368.6,402.0,428.6,442.2,461.0,470.5,479.6,487.9,492.7,504.5,517.2,521.8,578.9,604.5,601.3,608.0,602.8,609.4,614.5,631.1,646.4,623.2,577.8,-7.530%,1.8%,1.8%,,,
Sri Lanka,1.5,1.5,1.5,1.6,1.6,3.1,2.9,3.1,3.2,2.5,2.5,2.4,2.6,3.0,3.1,3.2,3.8,4.3,4.7,4.0,3.6,3.5,4.0,3.9,3.7,3.9,4.1,4.9,4.7,5.2,5.7,7.0,7.6,8.1,8.9,10.6,10.4,11.1,11.1,10.9,12.6,13.0,13.8,12.6,13.2,13.1,14.8,16.1,14.0,17.3,17.9,20.3,21.7,21.4,23.3,20.8,-10.814%,5.8%,0.1%,,,
Taiwan,18.8,20.0,21.8,23.9,25.2,27.6,33.9,35.3,41.5,38.6,41.8,52.2,57.1,65.3,67.7,73.6,64.8,67.8,74.6,76.1,75.0,86.3,91.4,107.1,117.3,120.5,130.2,139.2,151.3,158.5,169.4,177.6,192.8,206.7,218.1,236.4,234.4,246.0,249.7,266.5,270.3,278.2,281.1,266.4,253.8,273.2,278.1,272.0,273.8,281.1,281.4,283.9,292.5,290.5,284.9,275.9,-3.419%,1.2%,0.9%,,,
Thailand,7.4,8.7,9.9,13.0,14.1,16.3,17.9,22.3,23.6,24.3,26.1,27.6,30.9,34.8,36.1,37.7,36.8,36.4,40.4,44.1,47.0,48.7,57.7,64.9,74.7,89.7,99.9,110.4,124.9,140.0,153.9,171.9,178.7,163.8,171.2,168.2,174.5,189.4,200.3,218.3,227.5,227.7,236.7,237.4,236.5,248.7,253.5,270.6,274.8,281.6,289.7,296.4,297.1,299.6,294.3,277.1,-6.089%,2.2%,0.9%,,,
Vietnam,8.2,13.9,19.0,19.8,23.3,24.3,21.8,21.1,22.7,17.3,19.8,12.1,12.9,13.1,13.9,14.9,15.2,16.4,17.3,17.2,17.4,18.9,21.4,20.9,17.8,18.7,18.8,19.7,22.1,24.4,27.7,31.8,38.3,42.0,40.8,47.6,52.0,58.0,63.6,84.3,87.7,73.9,80.4,105.4,103.6,123.1,136.1,134.0,140.2,156.7,185.5,198.1,199.5,241.0,292.1,283.9,-3.053%,10.9%,0.9%,,,
Other Asia Pacific,53.7,57.5,62.9,68.4,73.2,78.7,86.5,89.6,92.3,98.0,104.4,109.3,115.5,122.7,131.9,141.5,144.7,150.9,157.9,159.7,167.0,167.5,161.2,162.6,160.2,154.3,150.3,134.2,127.2,119.7,116.1,107.1,107.1,101.7,108.8,115.8,119.3,117.1,122.4,123.2,128.4,132.4,124.2,130.0,114.3,120.9,112.6,116.8,108.9,120.8,128.5,141.0,143.4,147.2,206.7,205.2,-1.025%,6.1%,0.6%,,,
Total Asia Pacific,1431.3,1549.5,1615.9,1721.6,1958.2,2235.0,2445.6,2583.1,2786.1,2826.3,2946.5,3078.5,3270.3,3402.4,3543.9,3575.6,3593.8,3624.5,3776.4,4049.1,4179.7,4332.6,4576.1,4923.2,5169.3,5374.4,5631.6,5881.7,6192.3,6521.4,6781.5,7093.6,7243.8,7179.5,7471.2,7710.2,7963.4,8407.2,9274.3,10239.3,11188.4,11869.1,12653.4,12954.6,13246.1,13997.5,14869.5,15309.8,15667.0,15850.1,15988.3,16148.5,16501.1,16917.6,17203.3,16778.0,-2.7%,2.6%,52.0%,,,
,,,,,,,,,,,,,,,,,,,,,,,,,,,,,,,,,,,,,,,,,,,,,,,,,,,,,,,,,,,,,,
Total World,11189.7,11694.9,12055.5,12701.5,13483.7,14291.7,14762.4,15463.1,16332.1,16239.6,16557.2,17479.5,18019.6,18363.1,18942.5,18719.3,18415.2,18220.5,18340.1,19034.7,19441.1,19767.0,20360.2,21035.0,21438.4,21548.9,21604.4,21641.2,21698.8,21913.5,22201.1,22803.6,22973.4,23031.2,23314.0,23847.9,24175.3,24733.8,25960.4,27308.4,28398.7,29281.5,30330.4,30607.5,29964.1,31291.4,32172.5,32504.0,33071.2,33140.7,33206.1,33361.9,33726.9,34351.1,34356.6,32284.1,-6.3%,1.4%,100.0%,,,
of which: OECD,7701.3,8003.2,8270.9,8782.8,9306.7,9791.5,9934.1,10365.2,10962.3,10685.2,10370.3,10962.8,11153.1,11204.4,11501.1,11207.1,10858.6,10473.9,10366.4,10752.2,10943.9,10991.5,11244.5,11574.0,11777.7,11716.2,11710.6,11747.7,11823.3,12007.7,12173.1,12596.6,12702.2,12722.9,12801.0,13078.3,13041.7,13119.6,13362.7,13519.9,13631.7,13625.0,13742.2,13537.4,12613.5,13046.1,12857.6,12667.9,12767.2,12553.9,12473.1,12377.7,12396.3,12494.8,12140.1,10778.1,-11.5%,-0.4%,33.4%,,,
                 Non-OECD,3488.4,3691.7,3784.7,3918.7,4177.0,4500.3,4828.3,5097.8,5369.9,5554.4,6186.9,6516.7,6866.5,7158.7,7441.4,7512.1,7556.6,7746.6,7973.7,8282.4,8497.2,8775.5,9115.7,9460.9,9660.7,9832.7,9893.8,9893.5,9875.4,9905.8,10028.0,10207.1,10271.3,10308.4,10513.0,10769.6,11133.6,11614.2,12597.6,13788.5,14767.0,15656.5,16588.1,17070.2,17350.5,18245.3,19314.9,19836.1,20303.9,20586.7,20733.1,20984.2,21330.6,21856.3,22216.5,21506.0,-3.5%,2.5%,66.6%,,,
                 European Union #,2616.4,2663.2,2742.0,2923.8,3148.1,3332.4,3409.4,3553.9,3731.3,3660.5,3591.7,3845.1,3828.6,3867.6,3991.0,3939.8,3758.3,3668.2,3621.2,3656.8,3790.1,3801.3,3843.9,3813.7,3836.2,3754.0,3684.3,3559.3,3501.0,3453.5,3513.1,3608.9,3557.1,3573.3,3522.2,3514.0,3571.3,3574.0,3667.8,3685.8,3673.7,3707.6,3650.9,3579.6,3310.1,3386.4,3300.3,3218.7,3147.0,2982.4,3045.6,3077.2,3115.3,3070.5,2936.7,2550.9,-13.4%,-1.2%,7.9%,,,
,,,,,,,,,,,,,,,,,,,,,,,,,,,,,,,,,,,,,,,,,,,,,,,,,,,,,,,,,,,,,,
"Source: statistics are taken from national statistical agencies, international organizations, and other proprietary sources.",,,,,,,,,,,,,,,,,,,,,,,,,,,,,,,,,,,,,,,,,,,,,,,,,,,,,,,,,,,,,,
w Less than 0.05%.,,,,,,,,,,,,,,,,,,,,,,,,,,,,,,,,,,,,,,,,,,,,,,,,,,,,,,,,,,,,,,
 n/a not available.,,,,,,,,,,,,,,,,,,,,,,,,,,,,,,,,,,,,,,,,,,,,,,,,,,,,,,,,,,,,,,
"USSR includes CIS, Georgia, Ukraine and the Baltic States.",,,,,,,,,,,,,,,,,,,,,,,,,,,,,,,,,,,,,,,,,,,,,,,,,,,,,,,,,,,,,,
" # Excludes Estonia, Latvia and Lithuania prior to 1985 and Croatia and Slovenia prior to 1990.",,,,,,,,,,,,,,,,,,,,,,,,,,,,,,,,,,,,,,,,,,,,,,,,,,,,,,,,,,,,,,
" Notes: The carbon emissions above reflect only those through consumption of oil, gas and coal for combustion related activities and natural gas flaring (from 1975 onwards), and are based on",,,,,,,,,,,,,,,,,,,,,,,,,,,,,,,,,,,,,,,,,,,,,,,,,,,,,,,,,,,,,,
 'Default CO2 Emissions Factors for Combustion' listed by the IPCC in its Guidelines for National Greenhouse Gas Inventories (2006). ,,,,,,,,,,,,,,,,,,,,,,,,,,,,,,,,,,,,,,,,,,,,,,,,,,,,,,,,,,,,,,
" This does not allow for any carbon that is sequestered, for other sources of carbon emissions, or for emissions of other greenhouse gases. ",,,,,,,,,,,,,,,,,,,,,,,,,,,,,,,,,,,,,,,,,,,,,,,,,,,,,,,,,,,,,,
 Our data is therefore not comparable to official national emissions data.,,,,,,,,,,,,,,,,,,,,,,,,,,,,,,,,,,,,,,,,,,,,,,,,,,,,,,,,,,,,,,
Growth rates are adjusted for leap years.,,,,,,,,,,,,,,,,,,,,,,,,,,,,,,,,,,,,,,,,,,,,,,,,,,,,,,,,,,,,,,
,,,,,,,,,,,,,,,,,,,,,,,,,,,,,,,,,,,,,,,,,,,,,,,,,,,,,,,,,,,,,,
,,,,,,,,,,,,,,,,,,,,,,,,,,,,,,,,,,,,,,,,,,,,,,,,,,,,,,,,,,,,,,
,,,,,,,,,,,,,,,,,,,,,,,,,,,,,,,,,,,,,,,,,,,,,,,,,,,,,,,,,,,,,,
,,,,,,,,,,,,,,,,,,,,,,,,,,,,,,,,,,,,,,,,,,,,,,,,,,,,,,,,,,,,,,
,,,,,,,,,,,,,,,,,,,,,,,,,,,,,,,,,,,,,,,,,,,,,,,,,,,,,,,,,,,,,,
,,,,,,,,,,,,,,,,,,,,,,,,,,,,,,,,,,,,,,,,,,,,,,,,,,,,,,,,,,,,,,
,,,,,,,,,,,,,,,,,,,,,,,,,,,,,,,,,,,,,,,,,,,,,,,,,,,,,,,,,,,,,,
,,,,,,,,,,,,,,,,,,,,,,,,,,,,,,,,,,,,,,,,,,,,,,,,,,,,,,,,,,,,,,
,,,,,,,,,,,,,,,,,,,,,,,,,,,,,,,,,,,,,,,,,,,,,,,,,,,,,,,,,,,,,,
,,,,,,,,,,,,,,,,,,,,,,,,,,,,,,,,,,,,,,,,,,,,,,,,,,,,,,,,,,,,,,
,,,,,,,,,,,,,,,,,,,,,,,,,,,,,,,,,,,,,,,,,,,,,,,,,,,,,,,,,,,,,,
,,,,,,,,,,,,,,,,,,,,,,,,,,,,,,,,,,,,,,,,,,,,,,,,,,,,,,,,,,,,,,
,,,,,,,,,,,,,,,,,,,,,,,,,,,,,,,,,,,,,,,,,,,,,,,,,,,,,,,,,,,,,,
,,,,,,,,,,,,,,,,,,,,,,,,,,,,,,,,,,,,,,,,,,,,,,,,,,,,,,,,,,,,,,
,,,,,,,,,,,,,,,,,,,,,,,,,,,,,,,,,,,,,,,,,,,,,,,,,,,,,,,,,,,,,,
,,,,,,,,,,,,,,,,,,,,,,,,,,,,,,,,,,,,,,,,,,,,,,,,,,,,,,,,,,,,,,
,,,,,,,,,,,,,,,,,,,,,,,,,,,,,,,,,,,,,,,,,,,,,,,,,,,,,,,,,,,,,,
,,,,,,,,,,,,,,,,,,,,,,,,,,,,,,,,,,,,,,,,,,,,,,,,,,,,,,,,,,,,,,
,,,,,,,,,,,,,,,,,,,,,,,,,,,,,,,,,,,,,,,,,,,,,,,,,,,,,,,,,,,,,,
,,,,,,,,,,,,,,,,,,,,,,,,,,,,,,,,,,,,,,,,,,,,,,,,,,,,,,,,,,,,,,
,,,,,,,,,,,,,,,,,,,,,,,,,,,,,,,,,,,,,,,,,,,,,,,,,,,,,,,,,,,,,,
,,,,,,,,,,,,,,,,,,,,,,,,,,,,,,,,,,,,,,,,,,,,,,,,,,,,,,,,,,,,,,
,,,,,,,,,,,,,,,,,,,,,,,,,,,,,,,,,,,,,,,,,,,,,,,,,,,,,,,,,,,,,,
,,,,,,,,,,,,,,,,,,,,,,,,,,,,,,,,,,,,,,,,,,,,,,,,,,,,,,,,,,,,,,
,,,,,,,,,,,,,,,,,,,,,,,,,,,,,,,,,,,,,,,,,,,,,,,,,,,,,,,,,,,,,,
,,,,,,,,,,,,,,,,,,,,,,,,,,,,,,,,,,,,,,,,,,,,,,,,,,,,,,,,,,,,,,
,,,,,,,,,,,,,,,,,,,,,,,,,,,,,,,,,,,,,,,,,,,,,,,,,,,,,,,,,,,,,,
,,,,,,,,,,,,,,,,,,,,,,,,,,,,,,,,,,,,,,,,,,,,,,,,,,,,,,,,,,,,,,
,,,,,,,,,,,,,,,,,,,,,,,,,,,,,,,,,,,,,,,,,,,,,,,,,,,,,,,,,,,,,,
,,,,,,,,,,,,,,,,,,,,,,,,,,,,,,,,,,,,,,,,,,,,,,,,,,,,,,,,,,,,,,
,,,,,,,,,,,,,,,,,,,,,,,,,,,,,,,,,,,,,,,,,,,,,,,,,,,,,,,,,,,,,,
,,,,,,,,,,,,,,,,,,,,,,,,,,,,,,,,,,,,,,,,,,,,,,,,,,,,,,,,,,,,,,
,,,,,,,,,,,,,,,,,,,,,,,,,,,,,,,,,,,,,,,,,,,,,,,,,,,,,,,,,,,,,,
,,,,,,,,,,,,,,,,,,,,,,,,,,,,,,,,,,,,,,,,,,,,,,,,,,,,,,,,,,,,,,
,,,,,,,,,,,,,,,,,,,,,,,,,,,,,,,,,,,,,,,,,,,,,,,,,,,,,,,,,,,,,,
,,,,,,,,,,,,,,,,,,,,,,,,,,,,,,,,,,,,,,,,,,,,,,,,,,,,,,,,,,,,,,
,,,,,,,,,,,,,,,,,,,,,,,,,,,,,,,,,,,,,,,,,,,,,,,,,,,,,,,,,,,,,,
,,,,,,,,,,,,,,,,,,,,,,,,,,,,,,,,,,,,,,,,,,,,,,,,,,,,,,,,,,,,,,
,,,,,,,,,,,,,,,,,,,,,,,,,,,,,,,,,,,,,,,,,,,,,,,,,,,,,,,,,,,,,,
,,,,,,,,,,,,,,,,,,,,,,,,,,,,,,,,,,,,,,,,,,,,,,,,,,,,,,,,,,,,,,
,,,,,,,,,,,,,,,,,,,,,,,,,,,,,,,,,,,,,,,,,,,,,,,,,,,,,,,,,,,,,,
